<?xml version='1.0' encoding='UTF-8' standalone='no'?>
<!DOCTYPE mime-map-dic PUBLIC "-//OOP-Research Corporation//DTD MimeMapDic 1.1//EN" "http://www.oop-reserch.com/dtd/mime-map-dic_1_1.dtd">

<mime-map-dic>

    <default-mime>
       application/octet-stream
    </default-mime>

<!--
    <default-mime>
       text/plain
    </default-mime>
-->

    <mime-mapping>
        <extension>
            txt
        </extension>
        <mime-type>
            text/plain
        </mime-type>
    </mime-mapping>
    <mime-mapping>
        <extension>
            html
        </extension>
        <mime-type>
            text/html
        </mime-type>
    </mime-mapping>
    <mime-mapping>
        <extension>
            htm
        </extension>
        <mime-type>
            text/html
        </mime-type>
    </mime-mapping>
    <mime-mapping>
        <extension>
            png
        </extension>
        <mime-type>
            image/png
        </mime-type>
    </mime-mapping>
    <mime-mapping>
        <extension>
            gif
        </extension>
        <mime-type>
            image/gif
        </mime-type>
    </mime-mapping>
    <mime-mapping>
        <extension>
            jpg
        </extension>
        <mime-type>
            image/jpeg
        </mime-type>
    </mime-mapping>
    <mime-mapping>
        <extension>
            jpe
        </extension>
        <mime-type>
            image/jpeg
        </mime-type>
    </mime-mapping>
    <mime-mapping>
        <extension>
            jpeg
        </extension>
        <mime-type>
            image/jpeg
        </mime-type>
    </mime-mapping>
    <mime-mapping>
        <extension>
            java
        </extension>
        <mime-type>
            text/plain
        </mime-type>
    </mime-mapping>
    <mime-mapping>
        <extension>
            body
        </extension>
        <mime-type>
            text/html
        </mime-type>
    </mime-mapping>
    <mime-mapping>
        <extension>
            rtx
        </extension>
        <mime-type>
            text/richtext
        </mime-type>
    </mime-mapping>
    <mime-mapping>
        <extension>
            tsv
        </extension>
        <mime-type>
            text/tab-separated-values
        </mime-type>
    </mime-mapping>
    <mime-mapping>
        <extension>
            etx
        </extension>
        <mime-type>
            text/x-setext
        </mime-type>
    </mime-mapping>
    <mime-mapping>
        <extension>
            ps
        </extension>
        <mime-type>
            application/x-postscript
        </mime-type>
    </mime-mapping>
    <mime-mapping>
        <extension>
            class
        </extension>
        <mime-type>
            application/java
        </mime-type>
    </mime-mapping>
    <mime-mapping>
        <extension>
            csh
        </extension>
        <mime-type>
            application/x-csh
        </mime-type>
    </mime-mapping>
    <mime-mapping>
        <extension>
            sh
        </extension>
        <mime-type>
            application/x-sh
        </mime-type>
    </mime-mapping>
    <mime-mapping>
        <extension>
            tcl
        </extension>
        <mime-type>
            application/x-tcl
        </mime-type>
    </mime-mapping>
    <mime-mapping>
        <extension>
            tex
        </extension>
        <mime-type>
            application/x-tex
        </mime-type>
    </mime-mapping>
    <mime-mapping>
        <extension>
            texinfo
        </extension>
        <mime-type>
            application/x-texinfo
        </mime-type>
    </mime-mapping>
    <mime-mapping>
        <extension>
            texi
        </extension>
        <mime-type>
            application/x-texinfo
        </mime-type>
    </mime-mapping>
    <mime-mapping>
        <extension>
            t
        </extension>
        <mime-type>
            application/x-troff
        </mime-type>
    </mime-mapping>
    <mime-mapping>
        <extension>
            tr
        </extension>
        <mime-type>
            application/x-troff
        </mime-type>
    </mime-mapping>
    <mime-mapping>
        <extension>
            roff
        </extension>
        <mime-type>
            application/x-troff
        </mime-type>
    </mime-mapping>
    <mime-mapping>
        <extension>
            man
        </extension>
        <mime-type>
            application/x-troff-man
        </mime-type>
    </mime-mapping>
    <mime-mapping>
        <extension>
            me
        </extension>
        <mime-type>
            application/x-troff-me
        </mime-type>
    </mime-mapping>
    <mime-mapping>
        <extension>
            ms
        </extension>
        <mime-type>
            application/x-wais-source
        </mime-type>
    </mime-mapping>
    <mime-mapping>
        <extension>
            src
        </extension>
        <mime-type>
            application/x-wais-source
        </mime-type>
    </mime-mapping>
    <mime-mapping>
        <extension>
            zip
        </extension>
        <mime-type>
            application/zip
        </mime-type>
    </mime-mapping>
    <mime-mapping>
        <extension>
            bcpio
        </extension>
        <mime-type>
            application/x-bcpio
        </mime-type>
    </mime-mapping>
    <mime-mapping>
        <extension>
            cpio
        </extension>
        <mime-type>
            application/x-cpio
        </mime-type>
    </mime-mapping>
    <mime-mapping>
        <extension>
            gtar
        </extension>
        <mime-type>
            application/x-gtar
        </mime-type>
    </mime-mapping>
    <mime-mapping>
        <extension>
            shar
        </extension>
        <mime-type>
            application/x-shar
        </mime-type>
    </mime-mapping>
    <mime-mapping>
        <extension>
            sv4cpio
        </extension>
        <mime-type>
            application/x-sv4cpio
        </mime-type>
    </mime-mapping>
    <mime-mapping>
        <extension>
            sv4crc
        </extension>
        <mime-type>
            application/x-sv4crc
        </mime-type>
    </mime-mapping>
    <mime-mapping>
        <extension>
            tar
        </extension>
        <mime-type>
            application/x-tar
        </mime-type>
    </mime-mapping>
    <mime-mapping>
        <extension>
            ustar
        </extension>
        <mime-type>
            application/x-ustar
        </mime-type>
    </mime-mapping>
    <mime-mapping>
        <extension>
            dvi
        </extension>
        <mime-type>
            application/x-dvi
        </mime-type>
    </mime-mapping>
    <mime-mapping>
        <extension>
            hdf
        </extension>
        <mime-type>
            application/x-hdf
        </mime-type>
    </mime-mapping>
    <mime-mapping>
        <extension>
            latex
        </extension>
        <mime-type>
            application/x-latex
        </mime-type>
    </mime-mapping>
    <mime-mapping>
        <extension>
            bin
        </extension>
        <mime-type>
            application/octet-stream
        </mime-type>
    </mime-mapping>
    <mime-mapping>
        <extension>
            oda
        </extension>
        <mime-type>
            application/oda
        </mime-type>
    </mime-mapping>
    <mime-mapping>
        <extension>
            pdf
        </extension>
        <mime-type>
            application/pdf
        </mime-type>
    </mime-mapping>
    <mime-mapping>
        <extension>
            ps
        </extension>
        <mime-type>
            application/postscript
        </mime-type>
    </mime-mapping>
    <mime-mapping>
        <extension>
            eps
        </extension>
        <mime-type>
            application/postscript
        </mime-type>
    </mime-mapping>
    <mime-mapping>
        <extension>
            ai
        </extension>
        <mime-type>
            application/postscript
        </mime-type>
    </mime-mapping>
    <mime-mapping>
        <extension>
            rtf
        </extension>
        <mime-type>
            application/rtf
        </mime-type>
    </mime-mapping>
    <mime-mapping>
        <extension>
            nc
        </extension>
        <mime-type>
            application/x-netcdf
        </mime-type>
    </mime-mapping>
    <mime-mapping>
        <extension>
            cdf
        </extension>
        <mime-type>
            application/x-netcdf
        </mime-type>
    </mime-mapping>
    <mime-mapping>
        <extension>
            cer
        </extension>
        <mime-type>
            application/x-x509-ca-cert
        </mime-type>
    </mime-mapping>
    <mime-mapping>
        <extension>
            exe
        </extension>
        <mime-type>
            application/octet-stream
        </mime-type>
    </mime-mapping>
    <mime-mapping>
        <extension>
            gz
        </extension>
        <mime-type>
            application/x-gzip
        </mime-type>
    </mime-mapping>
    <mime-mapping>
        <extension>
            Z
        </extension>
        <mime-type>
            application/x-compress
        </mime-type>
    </mime-mapping>
    <mime-mapping>
        <extension>
            z
        </extension>
        <mime-type>
            application/x-compress
        </mime-type>
    </mime-mapping>
    <mime-mapping>
        <extension>
            hqx
        </extension>
        <mime-type>
            application/mac-binhex40
        </mime-type>
    </mime-mapping>
    <mime-mapping>
        <extension>
            mif
        </extension>
        <mime-type>
            application/x-mif
        </mime-type>
    </mime-mapping>
    <mime-mapping>
        <extension>
            ief
        </extension>
        <mime-type>
            image/ief
        </mime-type>
    </mime-mapping>
    <mime-mapping>
        <extension>
            tiff
        </extension>
        <mime-type>
            image/tiff
        </mime-type>
    </mime-mapping>
    <mime-mapping>
        <extension>
            tif
        </extension>
        <mime-type>
            image/tiff
        </mime-type>
    </mime-mapping>
    <mime-mapping>
        <extension>
            ras
        </extension>
        <mime-type>
            image/x-cmu-raster
        </mime-type>
    </mime-mapping>
    <mime-mapping>
        <extension>
            pnm
        </extension>
        <mime-type>
            image/x-portable-anymap
        </mime-type>
    </mime-mapping>
    <mime-mapping>
        <extension>
            pbm
        </extension>
        <mime-type>
            image/x-portable-bitmap
        </mime-type>
    </mime-mapping>
    <mime-mapping>
        <extension>
            pgm
        </extension>
        <mime-type>
            image/x-portable-graymap
        </mime-type>
    </mime-mapping>
    <mime-mapping>
        <extension>
            ppm
        </extension>
        <mime-type>
            image/x-portable-pixmap
        </mime-type>
    </mime-mapping>
    <mime-mapping>
        <extension>
            rgb
        </extension>
        <mime-type>
            image/x-rgb
        </mime-type>
    </mime-mapping>
    <mime-mapping>
        <extension>
            xbm
        </extension>
        <mime-type>
            image/x-xbitmap
        </mime-type>
    </mime-mapping>
    <mime-mapping>
        <extension>
            xpm
        </extension>
        <mime-type>
            image/x-xpixmap
        </mime-type>
    </mime-mapping>
    <mime-mapping>
        <extension>
            xwd
        </extension>
        <mime-type>
            image/x-xwindowdump
        </mime-type>
    </mime-mapping>
    <mime-mapping>
        <extension>
            au
        </extension>
        <mime-type>
            audio/basic
        </mime-type>
    </mime-mapping>
    <mime-mapping>
        <extension>
            snd
        </extension>
        <mime-type>
            audio/basic
        </mime-type>
    </mime-mapping>
    <mime-mapping>
        <extension>
            aif
        </extension>
        <mime-type>
            audio/x-aiff
        </mime-type>
    </mime-mapping>
    <mime-mapping>
        <extension>
            aiff
        </extension>
        <mime-type>
            audio/x-aiff
        </mime-type>
    </mime-mapping>
    <mime-mapping>
        <extension>
            aifc
        </extension>
        <mime-type>
            audio/x-aiff
        </mime-type>
    </mime-mapping>
    <mime-mapping>
        <extension>
            wav
        </extension>
        <mime-type>
            audio/x-wav
        </mime-type>
    </mime-mapping>
    <mime-mapping>
        <extension>
            mpeg
        </extension>
        <mime-type>
            video/mpeg
        </mime-type>
    </mime-mapping>
    <mime-mapping>
        <extension>
            mpg
        </extension>
        <mime-type>
            video/mpeg
        </mime-type>
    </mime-mapping>
    <mime-mapping>
        <extension>
            mpe
        </extension>
        <mime-type>
            video/mpeg
        </mime-type>
    </mime-mapping>
    <mime-mapping>
        <extension>
            qt
        </extension>
        <mime-type>
            video/quicktime
        </mime-type>
    </mime-mapping>
    <mime-mapping>
        <extension>
            mov
        </extension>
        <mime-type>
            video/quicktime
        </mime-type>
    </mime-mapping>
    <mime-mapping>
        <extension>
            avi
        </extension>
        <mime-type>
            video/x-msvideo
        </mime-type>
    </mime-mapping>
    <mime-mapping>
        <extension>
            movie
        </extension>
        <mime-type>
            video/x-sgi-movie
        </mime-type>
    </mime-mapping>
    <mime-mapping>
        <extension>
            avx
        </extension>
        <mime-type>
            video/x-rad-screenplay
        </mime-type>
    </mime-mapping>
    <mime-mapping>
        <extension>
            wrl
        </extension>
        <mime-type>
            x-world/x-vrml
        </mime-type>
    </mime-mapping>
    <mime-mapping>
        <extension>
            mpv2
        </extension>
        <mime-type>
            video/mpeg2
        </mime-type>
    </mime-mapping>

   <mime-mapping> <!-- WML Source -->
     <extension>wml</extension>
     <mime-type>text/vnd.wap.wml</mime-type>
   </mime-mapping>
   <mime-mapping> <!-- Compiled WML -->
     <extension>wmlc</extension>
     <mime-type>application/vnd.wap.wmlc</mime-type>
   </mime-mapping>
   <mime-mapping> <!-- WML Script Source -->
     <extension>wmls</extension>
     <mime-type>text/vnd.wap.wmls</mime-type>
   </mime-mapping>
   <mime-mapping> <!-- Compiled WML Script -->
     <extension>wmlsc</extension>
     <mime-type>application/vnd.wap.wmlscriptc</mime-type>
   </mime-mapping>
   <mime-mapping> <!-- Wireless Bitmap -->
     <extension>wbmp</extension>
     <mime-type>image/vnd.wap.wbmp</mime-type>
   </mime-mapping>

   <mime-mapping> <!-- HDML Source -->
     <extension>hdml</extension>
     <mime-type>text/x-hdml</mime-type>
   </mime-mapping>
   <mime-mapping> <!-- 1 bit Bitmap -->
     <extension>bmp</extension>
     <mime-type>image/bmp</mime-type>
   </mime-mapping>

<!-- For Wap phone by AU KDDI (only in Japan) -->
    <mime-mapping>
        <extension>
        qcp
        </extension>
        <mime-type>
        audio/vnd.qcelp
        </mime-type>
    </mime-mapping>
    <mime-mapping>
        <extension>
        mmf
        </extension>
        <mime-type>
        application/x-smaf
        </mime-type>
    </mime-mapping>
    <mime-mapping>
        <extension>
        amc
        </extension>
        <mime-type>
        application/x-mpeg
        </mime-type>
    </mime-mapping>
    <mime-mapping>
        <extension>
        kjx
        </extension>
        <mime-type>
        application/x-kjx
        </mime-type>
    </mime-mapping>

<!-- File extension for mime-type -->

    <mime2ext>
        <mime-type>
            text/plain
        </mime-type>
        <extension>
            txt
        </extension>
    </mime2ext>
    <mime2ext>
        <mime-type>
            text/html
        </mime-type>
        <extension>
            html
        </extension>
    </mime2ext>
    <mime2ext>
        <mime-type>
            image/png
        </mime-type>
        <extension>
            png
        </extension>
    </mime2ext>
    <mime2ext>
        <mime-type>
            image/gif
        </mime-type>
        <extension>
            gif
        </extension>
    </mime2ext>
    <mime2ext>
        <mime-type>
            image/jpeg
        </mime-type>
        <extension>
            jpg
        </extension>
    </mime2ext>
    <mime2ext>
        <mime-type>
            application/x-postscript
        </mime-type>
        <extension>
            ps
        </extension>
    </mime2ext>
    <mime2ext>
        <mime-type>
            application/java
        </mime-type>
        <extension>
            class
        </extension>
    </mime2ext>
    <mime2ext>
        <mime-type>
            application/x-csh
        </mime-type>
        <extension>
            csh
        </extension>
    </mime2ext>
    <mime2ext>
        <mime-type>
            application/x-sh
        </mime-type>
        <extension>
            sh
        </extension>
    </mime2ext>
    <mime2ext>
        <mime-type>
            application/zip
        </mime-type>
        <extension>
            zip
        </extension>
    </mime2ext>
    <mime2ext>
        <mime-type>
            application/x-tar
        </mime-type>
        <extension>
            tar
        </extension>
    </mime2ext>
    <mime2ext>
        <mime-type>
            application/pdf
        </mime-type>
        <extension>
            pdf
        </extension>
    </mime2ext>
    <mime2ext>
        <mime-type>
            audio/x-wav
        </mime-type>
        <extension>
            wav
        </extension>
    </mime2ext>
    <mime2ext>
        <mime-type>
            video/mpeg
        </mime-type>
        <extension>
            mpg
        </extension>
    </mime2ext>
    <mime2ext>
        <mime-type>
            video/quicktime
        </mime-type>
        <extension>
            mov
        </extension>
    </mime2ext>
    <mime2ext>
        <mime-type>
            video/x-msvideo
        </mime-type>
        <extension>
            avi
        </extension>
    </mime2ext>

   <mime2ext> <!-- WML Source -->
     <mime-type>text/vnd.wap.wml</mime-type>
     <extension>wml</extension>
   </mime2ext>
   <mime2ext> <!-- Wireless Bitmap -->
     <mime-type>image/vnd.wap.wbmp</mime-type>
     <extension>wbmp</extension>
   </mime2ext>

   <mime2ext> <!-- HDML Source -->
     <mime-type>text/x-hdml</mime-type>
     <extension>hdml</extension>
   </mime2ext>
   <mime2ext> <!-- 1 bit Bitmap -->
     <mime-type>image/bmp</mime-type>
     <extension>bmp</extension>
   </mime2ext>

<!-- For Wap phone by AU KDDI (only in Japan) -->
    <mime2ext>
        <mime-type>
        audio/vnd.qcelp
        </mime-type>
        <extension>
        qcp
        </extension>
    </mime2ext>
    <mime2ext>
        <mime-type>
        application/x-smaf
        </mime-type>
        <extension>
        mmf
        </extension>
    </mime2ext>
    <mime2ext>
        <mime-type>
        application/x-mpeg
        </mime-type>
        <extension>
        amc
        </extension>
    </mime2ext>
    <mime2ext>
        <mime-type>
        application/x-kjx
        </mime-type>
        <extension>
        kjx
        </extension>
    </mime2ext>

</mime-map-dic>
